[
  {
    "id": "5e69ee15-ddc7-4149-925e-fde46a086094",
    "data": [
      {
        "text": "cita",
        "meta": "@sys.geo-city",
        "alias": "geo-city",
        "userDefined": false
      }
    ],
    "isTemplate": false,
    "count": 0,
    "lang": "es",
    "updated": 0
  },
  {
    "id": "96e617d7-8f75-4b53-ac8b-089cd0688912",
    "data": [
      {
        "text": "Empezar tramite de cita",
        "userDefined": false
      }
    ],
    "isTemplate": false,
    "count": 0,
    "lang": "es",
    "updated": 0
  }
]